{"cameraMode":{"drawMode":0,"name":"Shaded","section":"Shading Mode"},"sceneLighting":false,"audioPlay":false,"sceneViewState":{"showFog":true,"showMaterialUpdate":false,"showSkybox":false,"showFlares":true,"showImageEffects":true,"showParticleSystems":true},"in2DMode":false,"pivot":{"x":2.770984172821045,"y":2.4721760749816896,"z":-52.4597053527832},"rotation":{"x":0.1829030066728592,"y":-0.3928300738334656,"z":0.08003976196050644,"w":0.8976778984069824},"size":5.468527793884277,"orthographic":true}