{"cameraMode":{"drawMode":0,"name":"Shaded","section":"Shading Mode"},"sceneLighting":false,"audioPlay":false,"sceneViewState":{"showFog":true,"showMaterialUpdate":false,"showSkybox":false,"showFlares":true,"showImageEffects":true,"showParticleSystems":true},"in2DMode":false,"pivot":{"x":2.940297842025757,"y":0.7121759653091431,"z":-85.99559020996094},"rotation":{"x":0.3871097266674042,"y":0.004704171791672707,"z":-0.0019748194608837368,"w":0.9220209121704102},"size":5.468523979187012,"orthographic":false}