{"cameraMode":{"drawMode":0,"name":"Shaded","section":"Shading Mode"},"sceneLighting":false,"audioPlay":false,"sceneViewState":{"showFog":true,"showMaterialUpdate":false,"showSkybox":false,"showFlares":true,"showImageEffects":true,"showParticleSystems":true},"in2DMode":false,"pivot":{"x":-3.5999205112457277,"y":5.8210015296936039,"z":-87.1514892578125},"rotation":{"x":0.3661727011203766,"y":-0.02176988124847412,"z":0.008569644764065743,"w":0.9302549362182617},"size":5.16231632232666,"orthographic":false}