{"cameraMode":{"drawMode":0,"name":"Shaded","section":"Shading Mode"},"sceneLighting":true,"audioPlay":false,"sceneViewState":{"showFog":true,"showMaterialUpdate":false,"showSkybox":true,"showFlares":true,"showImageEffects":true,"showParticleSystems":true},"in2DMode":false,"pivot":{"x":136.3837890625,"y":229.03857421875,"z":1.4375},"rotation":{"x":-0.005999796092510223,"y":-0.0074997954070568089,"z":-0.00004499932038015686,"w":0.9999539852142334},"size":202.98626708984376,"orthographic":true}