{"cameraMode":{"drawMode":0,"name":"Shaded","section":"Shading Mode"},"sceneLighting":false,"audioPlay":false,"sceneViewState":{"showFog":true,"showMaterialUpdate":false,"showSkybox":false,"showFlares":true,"showImageEffects":true,"showParticleSystems":true},"in2DMode":false,"pivot":{"x":2.8147969245910646,"y":2.055560827255249,"z":-77.1998291015625},"rotation":{"x":0.21454736590385438,"y":0.18965214490890504,"z":-0.04250865802168846,"w":0.9571830034255981},"size":4.684846878051758,"orthographic":false}