{"cameraMode":{"drawMode":0,"name":"Shaded","section":"Shading Mode"},"sceneLighting":false,"audioPlay":false,"sceneViewState":{"showFog":true,"showMaterialUpdate":false,"showSkybox":false,"showFlares":true,"showImageEffects":true,"showParticleSystems":true},"in2DMode":false,"pivot":{"x":2.300079345703125,"y":1.6210017204284669,"z":-99.6514892578125},"rotation":{"x":0.10767806321382523,"y":0.045320600271224979,"z":-0.004913469310849905,"w":0.9931414127349854},"size":5.162315845489502,"orthographic":false}